;x_breakpoints;y_breakpoints
0;0.0;0.0
1;0.352;0.5568450568682909
2;1.0;1.254716206154745
