;x_breakpoints;y_breakpoints
0;0.0;0.0
1;0.352;0.5719582682431369
2;0.8429846659080664;1.06178109616393
3;1.0;1.3060781883941708
