;x_breakpoints;y_breakpoints
0;0.0;0.0
1;0.352;0.5753042977304594
2;0.7471494490539872;0.9604259893559872
3;0.913751848357973;1.160340075837438
4;1.0;1.3149396946823664
