;x_breakpoints;y_breakpoints
0;0.00000000, 0.00001000, 1.00000000;0.00000000, 0.00002311, 0.00002537
