;x_breakpoints;y_breakpoints
0;0.0;0.0
1;1e-05;2.311367100892649e-05
2;1.0;2.5374495464562093e-05
