;x_breakpoints;y_breakpoints
0;0.0;0.0
1;1e-05;0.0
2;0.10261373317177784;2.3552554555985782e-05
3;1.0;2.527075584659865e-05
