;x_breakpoints;y_breakpoints
0;0.00000000, 0.00001000, 0.10261373, 1.00000000;0.00000000, 0.00000000, 0.00002355, 0.00002527
