;x_breakpoints;y_breakpoints
0;0.00000000, 0.00001000, 0.10320384, 0.75805839, 1.00000000;0.00000000, 0.00000000, 0.00002324, 0.00002530, 0.00002435
