;x_breakpoints;y_breakpoints
0;0.0;0.7575643714449483
1;1.0;0.8362755314962296
