;x_breakpoints;y_breakpoints
0;0.0;0.0
1;0.1;0.7654354874500764
2;1.0;0.8362755314962296
