;x_breakpoints;y_breakpoints
0;0.0;0.0
1;0.1;0.6858787898116427
2;0.24158787571782217;0.8054695754747301
3;1.0;0.8181692656687548
