;x_breakpoints;y_breakpoints
0;0.0;0.0
1;0.1;0.6901706679216489
2;0.3331830014840397;0.8726431248003795
3;0.33336615756977056;0.7794929867942347
4;1.0;0.8330197358697105
