;x_breakpoints;y_breakpoints
0;0.0;0.0
1;0.638;0.4481328752560718
2;1.0;0.7442583943399629
