;x_breakpoints;y_breakpoints
0;0.0;0.0
1;0.638;0.4359814786262072
2;0.8066433138474114;0.5967074877443292
3;1.0;0.7340711488107848
