;x_breakpoints;y_breakpoints
0;0.0;0.0
1;0.638;0.4353369811822587
2;0.7787089408621604;0.571013673214852
3;0.9122643765301859;0.6763038094969795
4;1.0;0.7288251889400899
